SubscriptionMonth,subscriptions,average_progress,churned_students
2024-01,851,84.18708963911526,859
2024-02,142,85.62084507042253,142
2024-03,736,83.47210242587602,742
2024-04,527,82.16342155009451,529
2024-05,519,84.70731285988484,521
2024-06,724,89.05716438356164,730
2024-07,811,94.67234068627451,816
2024-08,645,92.32392307692308,650
2024-09,35,91.2342857142857,35
